company,job_id,title,url,location,role_type,track,term_bucket,department,degree,eligibility,duration_text,program_term,work_mode,relocation,relocation_detail,entry_level,bio_relevance,skills,date_to_note,date_kind,time_left_to_apply,posted_at,status,review_state,last_verified,first_seen,fresh,student_visible,missing_fields,source_notes,notes,source_url
AbbVie,R00147803,2027 BTS Intern – Data & Software Engineering (Undergraduate),https://careers.abbvie.com/en/job/2027-business-technology-solutions-intern-data-and-software-engineering-undergraduate-in-south-san-francisco-ca-jid-32207,"South San Francisco advertised; most placements Lake County, IL",Internship,Enabling / platform,Short-term (<=6 months),Corporate / Business Technology Solutions,"BS in CS, computer engineering, AI or related; graduation Dec 2027–Jun 2028",Undergraduate only; return to university afterward; location assigned by business need.,11 weeks,Summer 2027,"Conflict: header hybrid, body onsite",Conditional support,Relocation support for eligible students; amount not stated.,Yes,Adjacent / possible,data engineering; software; AI/ML,,unknown,,,open,approved,2026-09-30,2026-09-30,True,True,[],Bay Area placement not guaranteed. Enterprise technology role; biomedical project not guaranteed.,,https://careers.abbvie.com/en/job/2027-business-technology-solutions-intern-data-and-software-engineering-undergraduate-in-south-san-francisco-ca-jid-32207
AstraZeneca / Alexion,R-259130,"Summer 2027 Internships in Mt. Vernon, IN (Undergraduates)",https://careers.astrazeneca.com/job/mount-vernon/summer-2027-internships-in-mt-vernon-in-undergraduates/7684/100049460400,"Mount Vernon, IN",Internship,Development,Short-term (<=6 months),"Manufacturing site / QC, quality, formulation and other functions",Title says undergraduate; body allows bachelor’s or higher; graduation after August 2027,Onsite 5 days/week; no current/future visa sponsorship; no CPT/OPT support letters.,10 weeks,"May 17–July 23, 2027",Onsite,Conditional support,Limited temporary university housing for nonlocal interns; local applicants prioritized.,Yes,Direct,QC; GMP; formulation; manufacturing,2026-10-01,closing,,2026-09-02,open,approved,2026-09-30,2026-09-30,True,True,[],One umbrella requisition with several tracks. Graduate eligibility should be confirmed.,,https://careers.astrazeneca.com/job/mount-vernon/summer-2027-internships-in-mt-vernon-in-undergraduates/7684/100049460400
Biogen,REQ24218,"Co-op, Clinical Pharmacology & Pharmacometrics",https://biibhr.wd3.myworkdayjobs.com/external/job/Remote-USA/Co-op--Clinical-Pharmacology---Pharmacometrics_REQ24218,"Remote, USA",Co-op,Both,Short-term (<=6 months),Clinical Pharmacology & Pharmacometrics,PhD year 3+; MS/PharmD with modeling experience also considered; student enrollment required,Current enrollment; age 18+; U.S. work authorization. Sponsorship policy not stated.,6 months,January–June 2027,"Remote, U.S.",Not stated,Not stated in job.,Yes,Direct,QSP; AI/ML; pharmacometrics; meta-analysis,,unknown,,2026-09-25,open,approved,2026-09-30T21:37:52+00:00,2026-09-30,True,True,"[""relocation""]",Resume review begins October 2026. No closing date stated.,,https://biibhr.wd3.myworkdayjobs.com/wday/cxs/biibhr/External/job/Remote-USA/Co-op--Clinical-Pharmacology---Pharmacometrics_REQ24218
Genentech / Roche,202606-115525,"Machine Learning Scientist/Senior Machine Learning Scientist - Agents for Applied Small Molecule Drug Design, AI for Drug Discovery",https://roche.wd3.myworkdayjobs.com/ROG-A2O-GENE/job/San-Francisco/Machine-Learning-Scientist---Agents-for-Applied-Small-Molecule-Drug-Design_202606-115525-1,San Francisco; New York City,Job,Discovery,Longer / ongoing,Computational Sciences CoE / AI for Drug Discovery,PhD or equivalent research depth; Scientist tier accepts up to 2 years industry experience,Specialized research qualifications apply.,Regular full-time; no fixed term,Not stated,Not stated,No / stipend only,Relocation benefits unavailable.,Uncertain,Direct,AI/ML; small molecules; agents; cheminformatics,,unknown,,2026-09-28,open,approved,2026-09-30T23:45:37+00:00,2026-09-30,True,True,[],Only the Scientist tier is treated as entry-level; senior tier requires 2+ industry years. ATS primary-location fields differ.,,https://roche.wd3.myworkdayjobs.com/wday/cxs/roche/ROG-A2O-GENE/job/San-Francisco/Machine-Learning-Scientist---Agents-for-Applied-Small-Molecule-Drug-Design_202606-115525-1
Genentech / Roche,202607-117902,"Scientist 3, Single Cell & Functional Genomics",https://roche.wd3.myworkdayjobs.com/ROG-A2O-GENE/job/South-San-Francisco/Scientist-3--Single-Cell---Functional-Genomics_202607-117902,South San Francisco,Job,Discovery,Longer / ongoing,Cell and Tissue Genomics,Relevant doctorate; single-cell CRISPR and R/Python; no industry-years minimum stated,Specialized research qualifications apply.,Regular full-time; no fixed term,Not stated,Not stated,Available,Relocation benefits available.,Uncertain,Direct,single-cell; CRISPR; genomics; oncology,,unknown,,2026-09-23,open,approved,2026-09-30T23:45:37+00:00,2026-09-30,True,True,[],Potential PhD entry role based on required degree and no stated industry tenure; specialist research skills required.,,https://roche.wd3.myworkdayjobs.com/wday/cxs/roche/ROG-A2O-GENE/job/South-San-Francisco/Scientist-3--Single-Cell---Functional-Genomics_202607-117902
Genentech / Roche,202609-124125,2027 Spring Intern - Pharmaceutical Technical Development - Bioassay,https://roche.wd3.myworkdayjobs.com/ROG-A2O-GENE/job/South-San-Francisco/Intern_202609-124125,South San Francisco,Internship,Development,Short-term (<=6 months),Pharmaceutical Technical Development / Bioassay,Associate through PhD students; BS and MS graduates also listed,Use this posting’s degree rules; they override the general internship FAQ.,6 months,January 2027,Onsite,No / stipend only,No relocation benefits; location-based internship stipend is stated.,Yes,Direct,bioassay; cell culture; potency; GMP,2026-10-01,closing,7 hours left to apply,2026-09-23,open,approved,2026-09-30T23:45:37+00:00,2026-09-30,True,True,[],,,https://roche.wd3.myworkdayjobs.com/wday/cxs/roche/ROG-A2O-GENE/job/South-San-Francisco/Intern_202609-124125
Genentech / Roche,202609-124343,"Scientist 3, Immunology and Ophthalmology, Sudharsan Lab",https://roche.wd3.myworkdayjobs.com/ROG-A2O-GENE/job/South-San-Francisco/Scientist-3--Immunology-and-Ophthalmology--Sudharsan-Lab_202609-124343,South San Francisco,Job,Discovery,Longer / ongoing,gRED / Immunology and Ophthalmology / Sudharsan Lab,PhD in relevant biology; publications and iPSC expertise; no industry-years minimum stated,Specialized research qualifications apply.,Regular full-time; no fixed term,Not stated,Not stated,Available,Relocation benefits available.,Uncertain,Direct,retinal disease; iPSC; target validation,,unknown,,2026-09-29,open,approved,2026-09-30T23:45:37+00:00,2026-09-30,True,True,[],Potential PhD entry role based on required degree and no stated industry tenure; specialist research skills required.,,https://roche.wd3.myworkdayjobs.com/wday/cxs/roche/ROG-A2O-GENE/job/South-San-Francisco/Scientist-3--Immunology-and-Ophthalmology--Sudharsan-Lab_202609-124343
Genentech / Roche,202609-124354,2027 Spring Intern - Analytical Method Validation and Tech Transfer,https://roche.wd3.myworkdayjobs.com/ROG-A2O-GENE/job/South-San-Francisco/XMLNAME-2027-Spring-Intern---Analytical-Method-Validation-and-Tech-Transfer_202609-124354,South San Francisco,Internship,Development,Short-term (<=6 months),PTD / Analytical Method Validation and Tech Transfer,"BS graduate outside graduate study, MS graduate, PhD student or graduate",Use this posting’s degree rules; they override the general internship FAQ.,6 months,January 2027,Onsite,No / stipend only,No relocation benefits; location-based internship stipend is stated.,Yes,Direct,analytical chemistry; HPLC; assay validation; data analysis,2026-10-01,closing,7 hours left to apply,2026-09-24,open,approved,2026-09-30T23:45:37+00:00,2026-09-30,True,True,[],,,https://roche.wd3.myworkdayjobs.com/wday/cxs/roche/ROG-A2O-GENE/job/South-San-Francisco/XMLNAME-2027-Spring-Intern---Analytical-Method-Validation-and-Tech-Transfer_202609-124354
Gilead / Kite,R0053446,"Senior Research Associate, Analytical Operations",https://gilead.wd1.myworkdayjobs.com/gileadcareers/job/United-States---California---Foster-City/Senior-Research-Associate--Analytical-Operations_R0053446-1,United States - California - Foster City,Job,Development,Longer / ongoing,Analytical Operations,"MS in chemistry/biology with 0+ industry years, or BS with 2+ years",See role-specific qualifications.,Regular full-time; no fixed term,Not stated,Onsite Required,Not stated,Not stated in job.,Yes,Direct,analytical science; biologics; laboratory,,unknown,,2026-07-08,open,approved,2026-09-30T21:37:21+00:00,2026-09-30,True,True,"[""relocation""]",,,https://gilead.wd1.myworkdayjobs.com/wday/cxs/gilead/gileadcareers/job/United-States---California---Foster-City/Senior-Research-Associate--Analytical-Operations_R0053446-1
Gilead / Kite,R0054464,Intern - Development - Biostatistics Oncology,https://gilead.wd1.myworkdayjobs.com/gileadcareers/job/United-States---California---Foster-City/Intern---Development---Biostatistics-Oncology_R0054464,United States - California - Foster City,Internship,Development,Short-term (<=6 months),Development / Biostatistics Oncology,Broad student eligibility; PhD preferred,"Full-time U.S. college enrollment incl. following fall; GPA >=2.8; independent U.S. work authorization now/future, without school or employer sponsorship.",10–12 weeks,May–August; 2027 inferred from posting date,"Hybrid, site-based",Conditional support,Housing stipend for eligible interns; amount not stated.,Yes,Direct,Bayesian methods; biostatistics; oncology trials,2026-10-16,closing,,2026-09-08,open,approved,2026-09-30T21:37:21+00:00,2026-09-30,True,True,[],,,https://gilead.wd1.myworkdayjobs.com/wday/cxs/gilead/gileadcareers/job/United-States---California---Foster-City/Intern---Development---Biostatistics-Oncology_R0054464
Gilead / Kite,R0054512,Intern - Research - Protein Therapeutics - AI,https://gilead.wd1.myworkdayjobs.com/gileadcareers/job/United-States---California---Foster-City/Intern---Research---Protein-Therapeutics_R0054512,United States - California - Foster City,Internship,Discovery,Short-term (<=6 months),Research / Protein Therapeutics,Broad student eligibility; graduate/PhD preferred,"Full-time U.S. college enrollment incl. following fall; GPA >=2.8; independent U.S. work authorization now/future, without school or employer sponsorship.",10–12 weeks,May–August; 2027 inferred from posting date,Conflicting: onsite / hybrid,Conditional support,Housing stipend for eligible interns; amount not stated.,Yes,Direct,AI/ML; protein design; molecular dynamics,2026-10-30,closing,,2026-09-28,open,approved,2026-09-30T21:37:21+00:00,2026-09-30,True,True,[],ATS says onsite required; description says all internships hybrid. Confirm schedule.,,https://gilead.wd1.myworkdayjobs.com/wday/cxs/gilead/gileadcareers/job/United-States---California---Foster-City/Intern---Research---Protein-Therapeutics_R0054512
Gilead / Kite,R0054553,Intern - PDM - Technical Development,https://gilead.wd1.myworkdayjobs.com/gileadcareers/job/United-States---California---Foster-City/Intern---PDM---Technical-Development_R0054553,United States - California - Foster City,Internship,Development,Short-term (<=6 months),PDM / Technical Development,Broad student eligibility; PhD preferred; scientific computing research,"Full-time U.S. college enrollment incl. following fall; GPA >=2.8; independent U.S. work authorization now/future, without school or employer sponsorship.",10–12 weeks,May–August; 2027 inferred from posting date,Conflicting: onsite / hybrid,Conditional support,Housing stipend for eligible interns; amount not stated.,Yes,Direct,AI/ML; simulation; pharmaceutical development,2026-10-16,closing,,2026-09-16,open,approved,2026-09-30T21:37:21+00:00,2026-09-30,True,True,[],ATS says onsite required; description says all internships hybrid. Confirm schedule.,,https://gilead.wd1.myworkdayjobs.com/wday/cxs/gilead/gileadcareers/job/United-States---California---Foster-City/Intern---PDM---Technical-Development_R0054553
Gilead / Kite,R0054579,Intern - Research - Pathobiology - AI,https://gilead.wd1.myworkdayjobs.com/gileadcareers/job/United-States---California---Foster-City/Intern---Research---Pathobiology_R0054579,United States - California - Foster City,Internship,Both,Short-term (<=6 months),Research / Pathobiology,Broad student eligibility; PhD/PharmD preferred,"Full-time U.S. college enrollment incl. following fall; GPA >=2.8; independent U.S. work authorization now/future, without school or employer sponsorship.",10–12 weeks,May–August; 2027 inferred from posting date,Conflicting: onsite / hybrid,Conditional support,Housing stipend for eligible interns; amount not stated.,Yes,Direct,AI/ML; digital pathology; biomarker research,2026-10-30,closing,,2026-09-28,open,approved,2026-09-30T21:37:21+00:00,2026-09-30,True,True,[],ATS says onsite required; description says all internships hybrid. Confirm schedule.,,https://gilead.wd1.myworkdayjobs.com/wday/cxs/gilead/gileadcareers/job/United-States---California---Foster-City/Intern---Research---Pathobiology_R0054579
Gilead / Kite,R0054587,Intern - Research - Oncology Biomarker - AI,https://gilead.wd1.myworkdayjobs.com/gileadcareers/job/United-States---California---Foster-City/Intern---Research---Oncology-Biomarker_R0054587,United States - California - Foster City,Internship,Both,Short-term (<=6 months),Research / Oncology Biomarker,Broad student eligibility; PhD preferred,"Full-time U.S. college enrollment incl. following fall; GPA >=2.8; independent U.S. work authorization now/future, without school or employer sponsorship.",10–12 weeks,May–August; 2027 inferred from posting date,Conflicting: onsite / hybrid,Conditional support,Housing stipend for eligible interns; amount not stated.,Yes,Direct,AI/ML; multi-omics; oncology biomarkers,2026-10-30,closing,,2026-09-28,open,approved,2026-09-30T21:37:21+00:00,2026-09-30,True,True,[],ATS says onsite required; description says all internships hybrid. Confirm schedule.,,https://gilead.wd1.myworkdayjobs.com/wday/cxs/gilead/gileadcareers/job/United-States---California---Foster-City/Intern---Research---Oncology-Biomarker_R0054587
Gilead / Kite,R0054605,Intern - PDM - Process Chemistry,https://gilead.wd1.myworkdayjobs.com/gileadcareers/job/United-States---California---Foster-City/Intern---PDM---Process-Chemistry_R0054605,United States - California - Foster City,Internship,Development,Short-term (<=6 months),PDM / Process Chemistry,Broad student eligibility; chemistry laboratory background preferred,"Full-time U.S. college enrollment incl. following fall; GPA >=2.8; independent U.S. work authorization now/future, without school or employer sponsorship.",10–12 weeks,Summer 2027,Conflicting: onsite / hybrid,Conditional support,Housing stipend for eligible interns; amount not stated.,Yes,Direct,process chemistry; scale-up; small molecules,2026-10-16,closing,,2026-09-16,open,approved,2026-09-30T21:37:21+00:00,2026-09-30,True,True,[],ATS says onsite required; description says all internships hybrid. Confirm schedule.,,https://gilead.wd1.myworkdayjobs.com/wday/cxs/gilead/gileadcareers/job/United-States---California---Foster-City/Intern---PDM---Process-Chemistry_R0054605
Gilead / Kite,R0054621,Intern - PDM - Analytical Development,https://gilead.wd1.myworkdayjobs.com/gileadcareers/job/United-States---California---Foster-City/Intern---PDM---Analytical-Development_R0054621,United States - California - Foster City,Internship,Development,Short-term (<=6 months),PDM / Analytical Development,"Undergraduate, graduate or PhD student","Full-time U.S. college enrollment incl. following fall; GPA >=2.8; independent U.S. work authorization now/future, without school or employer sponsorship.",10–12 weeks,May–August; 2027 inferred from posting date,"Hybrid, site-based",Conditional support,Housing stipend for eligible interns; amount not stated.,Yes,Direct,analytical chemistry; drug development,2026-10-16,closing,,2026-09-16,open,approved,2026-09-30T21:37:21+00:00,2026-09-30,True,True,[],,,https://gilead.wd1.myworkdayjobs.com/wday/cxs/gilead/gileadcareers/job/United-States---California---Foster-City/Intern---PDM---Analytical-Development_R0054621
Gilead / Kite,R0054649,Intern - Development - Biostatistics,https://gilead.wd1.myworkdayjobs.com/gileadcareers/job/United-States---California---Foster-City/Intern---Development---Biostatistics_R0054649,United States - California - Foster City,Internship,Development,Short-term (<=6 months),Development / Biostatistics,Broad student eligibility; PhD preferred,"Full-time U.S. college enrollment incl. following fall; GPA >=2.8; independent U.S. work authorization now/future, without school or employer sponsorship.",10–12 weeks,May–August; 2027 inferred from posting date,"Hybrid, site-based",Conditional support,Housing stipend for eligible interns; amount not stated.,Yes,Direct,biostatistics; clinical trials,2026-10-16,closing,,2026-09-17,open,approved,2026-09-30T21:37:21+00:00,2026-09-30,True,True,[],,,https://gilead.wd1.myworkdayjobs.com/wday/cxs/gilead/gileadcareers/job/United-States---California---Foster-City/Intern---Development---Biostatistics_R0054649
Gilead / Kite,R0054741,Intern - Research - Inflammation - AI,https://gilead.wd1.myworkdayjobs.com/gileadcareers/job/United-States---California---Foster-City/Intern---Research---Inflammation_R0054741,United States - California - Foster City,Internship,Discovery,Short-term (<=6 months),Research / Inflammation,"Undergraduate, graduate or PhD student in quantitative/AI fields","Full-time U.S. college enrollment incl. following fall; GPA >=2.8; independent U.S. work authorization now/future, without school or employer sponsorship.",10–12 weeks,May–August; 2027 inferred from posting date,Conflicting: onsite / hybrid,Conditional support,Housing stipend for eligible interns; amount not stated.,Yes,Direct,AI/ML; single-cell; target identification,2026-10-30,closing,,2026-09-29,open,approved,2026-09-30T21:37:21+00:00,2026-09-30,True,True,[],ATS says onsite required; description says all internships hybrid. Confirm schedule.,,https://gilead.wd1.myworkdayjobs.com/wday/cxs/gilead/gileadcareers/job/United-States---California---Foster-City/Intern---Research---Inflammation_R0054741
Gilead / Kite,R0054783,Intern - Research - Clinical Virology,https://gilead.wd1.myworkdayjobs.com/gileadcareers/job/United-States---California---Foster-City/Intern---Research---Clinical-Virology_R0054783,United States - California - Foster City,Internship,Both,Short-term (<=6 months),Research / Clinical Virology,"Undergraduate, graduate or PhD student","Full-time U.S. college enrollment incl. following fall; GPA >=2.8; independent U.S. work authorization now/future, without school or employer sponsorship.",10–12 weeks,May–August; 2027 inferred from posting date,"Hybrid, site-based",Conditional support,Housing stipend for eligible interns; amount not stated.,Yes,Direct,virology; PCR; molecular cloning,2026-10-16,closing,,2026-09-11,open,approved,2026-09-30T21:37:21+00:00,2026-09-30,True,True,[],,,https://gilead.wd1.myworkdayjobs.com/wday/cxs/gilead/gileadcareers/job/United-States---California---Foster-City/Intern---Research---Clinical-Virology_R0054783
Gilead / Kite,R0054892,Intern - Development - Clinical Operations,https://gilead.wd1.myworkdayjobs.com/gileadcareers/job/United-States---California---Foster-City/Intern---Development---Clinical-Operations_R0054892,United States - California - Foster City,Internship,Development,Short-term (<=6 months),Development / Clinical Operations,"Life sciences, public health, pharmacy or related student","Full-time U.S. college enrollment incl. following fall; GPA >=2.8; independent U.S. work authorization now/future, without school or employer sponsorship.",10–12 weeks,May–August; 2027 inferred from posting date,"Hybrid, site-based",Conditional support,Housing stipend for eligible interns; amount not stated.,Yes,Direct,clinical operations; trials; GCP,2026-10-16,closing,,2026-09-15,open,approved,2026-09-30T21:37:21+00:00,2026-09-30,True,True,[],,,https://gilead.wd1.myworkdayjobs.com/wday/cxs/gilead/gileadcareers/job/United-States---California---Foster-City/Intern---Development---Clinical-Operations_R0054892
Gilead / Kite,R0054963,Intern - Research - Medicinal Chemistry,https://gilead.wd1.myworkdayjobs.com/gileadcareers/job/United-States---California---Foster-City/Intern---Research---Medicinal-Chemistry_R0054963,United States - California - Foster City,Internship,Discovery,Short-term (<=6 months),Research / Medicinal Chemistry,Broad student eligibility; undergraduate preferred,"Full-time U.S. college enrollment incl. following fall; GPA >=2.8; independent U.S. work authorization now/future, without school or employer sponsorship.",10–12 weeks,May–August; 2027 inferred from posting date,Conflicting: onsite / hybrid,Conditional support,Housing stipend for eligible interns; amount not stated.,Yes,Direct,medicinal chemistry; small molecules,2026-10-16,closing,,2026-09-15,open,approved,2026-09-30T21:37:21+00:00,2026-09-30,True,True,[],ATS says onsite required; description says all internships hybrid. Confirm schedule.,,https://gilead.wd1.myworkdayjobs.com/wday/cxs/gilead/gileadcareers/job/United-States---California---Foster-City/Intern---Research---Medicinal-Chemistry_R0054963
Google / DeepMind,132362676918461126,"Student Researcher, BS/MS, Fall 2026",https://www.google.com/about/careers/applications/jobs/results/132362676918461126-student-researcher-bsms-fall-2026,Mountain View and other Bay Area cities; multiple U.S. hubs,Internship,Enabling / platform,Unknown,"Student Researcher / Google Research, DeepMind and other teams","Current BS/MS; includes biostatistics, natural sciences and quantitative disciplines",Must remain in U.S.; this program does not offer direct full-time conversion.,Flexible; not specified,Starts August–December 2026,Project-dependent,Not stated,Not stated in job.,Yes,Adjacent / possible,AI/ML; research; team match required,2026-11-27,closing,,,open,approved,2026-09-30,2026-09-30,True,True,"[""term_bucket"", ""relocation""]",Cross-team research intake; a biology/health project is not guaranteed. Date wording: Anticipated close; may close early.,,https://www.google.com/about/careers/applications/jobs/results/132362676918461126-student-researcher-bsms-fall-2026
Johnson & Johnson,R-099833,Mechatronics & Systems Integration Intern – R&D,https://www.careers.jnj.com/en/jobs/r-099833/mechatronics-systems-integration-intern-rd/,"Santa Clara, CA",Internship,Development,Short-term (<=6 months),MedTech / Surgical Robotics R&D,"BS junior/senior or graduate in robotics, biomedical or related engineering",Return to study; GPA >=3.0; 40 hours/week; U.S. work authorization during employment.,About 12 weeks,"June 1–Aug 20 or June 21–Sep 10, 2027",Hybrid,Not stated,Not stated in job; do not assume general intern benefits apply.,Yes,Adjacent / possible,medtech; robotics; systems integration; AI/ML,2026-10-17,closing,,2026-09-15,open,approved,2026-09-30,2026-09-30,True,True,"[""relocation""]","Medical-device development, adjacent to pharmaceutical R&D. Date wording: Anticipated close; may extend.",,https://www.careers.jnj.com/en/jobs/r-099833/mechatronics-systems-integration-intern-rd/
Moderna,R19684,"Co-Op, CMC Development (Spring 2027)",https://modernatx.wd1.myworkdayjobs.com/M_tx/job/Norwood-Massachusetts/Co-Op--CMC-Development--Spring-2027-_R19684,"Norwood, Massachusetts; Technical Development",Co-op,Development,Short-term (<=6 months),Technical Development / CMC,Current BS/MS in relevant science or engineering,Posting limits eligibility to U.S. persons under its export-control notice. CMC roles also state no current/future immigration sponsorship.,"January 18–June 25, 2027","January 18, 2027",Onsite,Not stated,Not stated in job.,Yes,Direct,mRNA; lipid nanoparticles; process development,,unknown,,2026-08-31,open,approved,2026-09-30T21:38:35+00:00,2026-09-30,True,True,"[""relocation""]",,,https://modernatx.wd1.myworkdayjobs.com/wday/cxs/modernatx/M_tx/job/Norwood-Massachusetts/Co-Op--CMC-Development--Spring-2027-_R19684
Moderna,R19685,"Research Associate/Engineer I, CMC Development (2027 Rotation Program)",https://modernatx.wd1.myworkdayjobs.com/M_tx/job/Norwood-Massachusetts/Research-Associate-Engineer-I--CMC-Development--2027-Rotation-Program-_R19685-1,"Norwood, Massachusetts; Technical Development",Job,Development,Longer / ongoing,Technical Development / CMC rotation program,BS/MS in relevant science or engineering; no industry-years minimum stated,Posting limits eligibility to U.S. persons under its export-control notice. CMC roles also state no current/future immigration sponsorship.,"18-month rotation program (3 x 6 months), full-time job","July 19, 2027",Onsite,Not stated,Not stated in job.,Yes,Direct,mRNA; CMC; process development,,unknown,,2026-08-31,open,approved,2026-09-30T21:38:35+00:00,2026-09-30,True,True,"[""relocation""]",,,https://modernatx.wd1.myworkdayjobs.com/wday/cxs/modernatx/M_tx/job/Norwood-Massachusetts/Research-Associate-Engineer-I--CMC-Development--2027-Rotation-Program-_R19685-1
Moderna,R19865,"Intern, Biometrics",https://modernatx.wd1.myworkdayjobs.com/M_tx/job/Cambridge-Massachusetts/Intern--Biometrics_R19865,"Cambridge, Massachusetts; Clinical Development",Internship,Development,Short-term (<=6 months),Clinical Development / Statistical Innovation & Data Analytics,"MS, PhD or advanced undergraduate in quantitative disciplines preferred; Python required",Posting limits eligibility to U.S. persons under its export-control notice. CMC roles also state no current/future immigration sponsorship.,"June 7–August 20, 2027","June 7, 2027",70% onsite model stated,Not stated,Not stated in job.,Yes,Direct,AI/ML; biostatistics; clinical data; agents,,unknown,,2026-09-29,open,approved,2026-09-30T21:38:35+00:00,2026-09-30,True,True,"[""relocation""]",,,https://modernatx.wd1.myworkdayjobs.com/wday/cxs/modernatx/M_tx/job/Cambridge-Massachusetts/Intern--Biometrics_R19865
Moderna,R19890,"Co-Op, Platform Biology Integration",https://modernatx.wd1.myworkdayjobs.com/M_tx/job/Cambridge-Massachusetts/Co-Op--Platform-Biology-Integration_R19890,"Cambridge, Massachusetts; Research",Co-op,Discovery,Short-term (<=6 months),Research / Platform Biology Integration,Current BS/MS/PhD; hands-on RNA and NGS preparation,Export license may be required for non-U.S. persons; posting says consideration can depend on obtaining one.,"January 18–June 25, 2027","January 18, 2027",70% onsite model stated,Not stated,Not stated in job.,Yes,Direct,NGS; RNA biology; automation,,unknown,,2026-09-30,open,approved,2026-09-30T21:38:35+00:00,2026-09-30,True,True,"[""relocation""]",,,https://modernatx.wd1.myworkdayjobs.com/wday/cxs/modernatx/M_tx/job/Cambridge-Massachusetts/Co-Op--Platform-Biology-Integration_R19890
Moderna,R19893,"Co-Op, Research Engineering and AI Integration",https://modernatx.wd1.myworkdayjobs.com/M_tx/job/Cambridge-Massachusetts/Co-Op--Research-Engineering-and-AI-Integration_R19893,"Cambridge, Massachusetts; Research",Co-op,Development,Short-term (<=6 months),Research / Engineering and AI Integration,"Current BS/MS in engineering, CS or related field",Export license may be required for non-U.S. persons; posting says consideration can depend on obtaining one. Also states no current/future immigration sponsorship.,"January 18–June 25, 2027","January 18, 2027",Onsite,Not stated,Not stated in job.,Yes,Direct,automation; robotics; systems integration,,unknown,,2026-09-29,open,approved,2026-09-30T21:38:35+00:00,2026-09-30,True,True,"[""relocation""]",,,https://modernatx.wd1.myworkdayjobs.com/wday/cxs/modernatx/M_tx/job/Cambridge-Massachusetts/Co-Op--Research-Engineering-and-AI-Integration_R19893
NVIDIA,JR2025406,"PhD Research Intern, Fundamental Generative AI - 2027",https://nvidia.wd5.myworkdayjobs.com/NVIDIAExternalCareerSite/job/US-CA-Santa-Clara/Research-Intern--Fundamental-Generative-AI---2027_JR2025406,"US, CA, Santa Clara",Internship,Discovery,Unknown,NVIDIA Research / Fundamental Generative AI,Current PhD in a quantitative field; strong ML publications,See role-specific qualifications.,Role duration unstated; university program minimum is 12 weeks,2027; specific dates not stated,Not stated,Not stated,Not stated in job.,Yes,Direct,AI/ML; structural biology; chemistry; drug discovery,2026-09-20,minimum_acceptance,,2026-09-16,open,approved,2026-09-30T21:37:26+00:00,2026-09-30,True,True,"[""term_bucket"", ""relocation""]","“At least until” is not an expiry date. ATS still accepts applications on Sep 30. Bio-relevant research, but projects cover multiple domains.",,https://nvidia.wd5.myworkdayjobs.com/wday/cxs/nvidia/NVIDIAExternalCareerSite/job/US-CA-Santa-Clara/Research-Intern--Fundamental-Generative-AI---2027_JR2025406
NVIDIA,JR2026739,"Research Scientist, Fundamental Generative AI - New College Grad 2026",https://nvidia.wd5.myworkdayjobs.com/NVIDIAExternalCareerSite/job/US-CA-Santa-Clara/Research-Scientist--Fundamental-Generative-AI---New-College-Grad-2026_JR2026739,"US, CA, Santa Clara",Job,Discovery,Longer / ongoing,NVIDIA Research / Fundamental Generative AI,Completing/recent PhD or equivalent experience; research track record,See role-specific qualifications.,Regular full-time; no fixed term,New College Grad 2026,Not stated,Not stated,Not stated in job.,Yes,Direct,AI/ML; biology; chemistry; generative models,2026-10-03,minimum_acceptance,,2026-09-29,open,approved,2026-09-30T21:37:26+00:00,2026-09-30,True,True,"[""relocation""]","“At least until” is not an expiry date. ATS still accepts applications on Sep 30. Bio-relevant research, but projects cover multiple domains.",,https://nvidia.wd5.myworkdayjobs.com/wday/cxs/nvidia/NVIDIAExternalCareerSite/job/US-CA-Santa-Clara/Research-Scientist--Fundamental-Generative-AI---New-College-Grad-2026_JR2026739
Sanofi,45207231168 (site ID),2027 Spring Co-op Bioinformatic Digital Data Scientist – Global Immunology,https://jobs.sanofi.com/en/job/waltham/2027-spring-co-op-bioinformatic-digital-data-scientist-global-immunology-waltham-ma/2649/45207231168,"Waltham, MA",Co-op,Discovery,Short-term (<=6 months),Vaccines R&D / Global Immunology / Early-Stage Immunology,"Current BS/MS in bioinformatics, computational biology, data science, CS or related",Enrolled throughout; 40 hours/week; permanent U.S. work authorization without present/future sponsorship required.,6 months,Spring 2027,Onsite,Not stated,Must be able to relocate; financial assistance not stated.,Yes,Direct,bioinformatics; Python; R; immunology; vaccines,,unknown,,,open,approved,2026-09-30,2026-09-30,True,True,"[""relocation""]",Use functional department from description; site categorizes the vacancy under HR.,,https://jobs.sanofi.com/en/job/waltham/2027-spring-co-op-bioinformatic-digital-data-scientist-global-immunology-waltham-ma/2649/45207231168
